{"text": " testing local speech recognition, the verification number is 42.", "segments": [{"id": 0, "seek": 0, "start": 0.0, "end": 7.0, "text": " testing local speech recognition, the verification number is 42.", "tokens": [50363, 4856, 1957, 4046, 9465, 11, 262, 19637, 1271, 318, 5433, 13, 50713], "temperature": 0.0, "avg_logprob": -0.4317294529506138, "compression_ratio": 0.9552238805970149, "no_speech_prob": 0.08060424774885178}], "language": "en"}